{


 "Counts_Channel": {
    "Organic Search": 42.2242829936,
    "Social": 25.0225473716,
    "Direct": 15.8275355695,
    "Referral": 11.6015771541,
    "Paid Search": 2.8026244587,
    "Affiliates": 1.8151879095,
    "Display": 0.6929651094,
    "(Other)": 0.0132794336
  }
}
